company,receipt_total
Vinder,$231.80
Wikibox,$297.27
Tagcat,$139.39
Thoughtbridge,$117.15
Centimia,$103.81
Dynabox,$238.58
Quamba,$223.96
Kazu,$135.83
Tanoodle,$127.34
Skilith,$275.89
Voonder,$21.70
Twinder,$197.14
Twitternation,$181.20
Thoughtworks,$41.98
Voomm,$104.99
Dablist,$256.99
Yacero,$286.26
Skalith,$166.28
Eire,$286.59
Gigaclub,$44.58
Skinder,$112.20
Skivee,$197.40
Eabox,$116.37
Vinder,$235.76
Bluezoom,$16.65
Browsezoom,$35.01
Aivee,$74.66
InnoZ,$196.57
Miboo,$118.70
Browseblab,$184.91
Buzzbean,$41.15
Buzzdog,$14.14
Kimia,$235.90
Lajo,$109.03
Yabox,$120.53
Yacero,$128.06
Bubbletube,$264.41
Talane,$186.46
Blognation,$66.94
Dabfeed,$109.81
Vipe,$21.37
Livefish,$208.97
Brainsphere,$260.84
Trilith,$236.91
Dabvine,$212.39
Fliptune,$9.15
Topicware,$56.41
Fivespan,$247.31
Linktype,$172.14
Centimia,$275.00
Miboo,$128.03
Brightdog,$277.05
Omba,$285.31
Topiczoom,$165.79
Ozu,$188.39
Lajo,$225.42
Flipbug,$103.67
Wikizz,$221.23
Chatterbridge,$283.66
Trilith,$60.48
Meemm,$31.81
Roodel,$195.42
Miboo,$248.56
Avavee,$155.51
Twitterbridge,$290.78
Wordpedia,$37.08
Dablist,$209.08
Eadel,$143.00
Browsezoom,$152.35
Zoomdog,$139.10
Divanoodle,$35.82
Avamba,$201.22
Rhyloo,$127.17
Bluezoom,$198.92
Snaptags,$231.32
Youfeed,$166.81
Dablist,$262.36
Babbleopia,$35.48
Jaxspan,$187.88
Tagchat,$201.84
Realbuzz,$242.76
Rhyloo,$212.53
Oodoo,$279.41
Bubblemix,$231.38
Dynabox,$79.86
Gevee,$28.33
Abata,$280.94
Mynte,$53.09
Skyvu,$248.43
Tazz,$267.43
LiveZ,$109.09
Jazzy,$252.27
Meejo,$199.27
Miboo,$170.00
Zoombeat,$169.95
Zoombox,$251.62
Muxo,$8.84
LiveZ,$256.07
Ooba,$200.15
Ntag,$294.13
Shuffledrive,$200.60
Dazzlesphere,$23.62
Twitternation,$276.13
Feedfish,$94.99
Eire,$209.01
Blogpad,$99.38
Skaboo,$79.74
Flashdog,$66.34
Photobug,$105.38
Thoughtmix,$280.64
Roomm,$146.15
Photospace,$176.25
Jabbertype,$224.21
Ntag,$35.99
Topiclounge,$127.91
Fivespan,$221.64
Agivu,$296.30
Topdrive,$281.37
Browsezoom,$270.88
Blogspan,$269.51
Tagchat,$243.56
Abatz,$61.28
Voolith,$209.49
Nlounge,$255.30
Janyx,$137.46
Voonyx,$119.73
Kimia,$223.29
Thoughtsphere,$150.31
Camido,$278.03
Eabox,$83.19
Realfire,$264.97
Linklinks,$270.26
Meejo,$131.16
Wikibox,$59.10
Eire,$176.67
Oodoo,$204.71
Jatri,$90.41
Mybuzz,$78.85
Einti,$269.54
Twiyo,$164.69
Mydo,$231.86
Voomm,$207.79
Gigazoom,$129.70
Kazu,$296.25
Mydeo,$205.96
Rhynyx,$134.57
Linktype,$269.93
Livetube,$216.94
Kazio,$239.65
Feedbug,$188.15
Linkbuzz,$132.63
Wordify,$38.92
Buzzster,$19.26
Mynte,$171.06
Meevee,$117.23
Browsecat,$186.17
Bluezoom,$131.27
Vinder,$7.65
Skinte,$289.40
Jayo,$18.07
Bluejam,$290.13
Katz,$219.32
Realbridge,$193.82
Rhycero,$43.21
Roodel,$3.42
Devpulse,$207.68
Ooba,$11.26
Jaxworks,$1.85
Eazzy,$16.28
Eayo,$130.48
Aibox,$84.90
Youbridge,$189.02
Topicblab,$52.87
Bubbletube,$79.12
Roodel,$148.24
Miboo,$270.42
Flashpoint,$279.57
Katz,$43.17
Thoughtstorm,$48.59
Topiclounge,$281.43
Skyndu,$38.36
Rhyloo,$263.95
Thoughtsphere,$264.67
Geba,$64.93
Voonix,$10.92
Quatz,$9.87
Dabshots,$257.58
Lazz,$121.73
Divape,$197.44
Fanoodle,$128.74
Buzzster,$200.83
Trupe,$292.25
Innotype,$92.25
Twinder,$104.17
Blogtags,$94.23
Brightdog,$257.76
Skivee,$212.09
Edgeify,$157.34
Thoughtstorm,$126.71
Browsecat,$46.65
Jaxnation,$248.65
Mydeo,$233.76
Eimbee,$51.72
Twitterlist,$42.98
Voomm,$19.48
Skynoodle,$111.87
Aimbo,$68.45
Blogspan,$147.47
Einti,$170.98
Vipe,$228.09
Wikizz,$167.46
Jazzy,$143.01
Photobean,$121.33
Yata,$81.93
Youbridge,$30.60
Talane,$42.29
Kazio,$78.65
Edgepulse,$162.72
Buzzdog,$170.09
Topiczoom,$143.90
Kwilith,$43.73
Babbleset,$208.23
Browsezoom,$73.60
Kwimbee,$64.19
Eare,$53.60
Kazu,$270.90
Realcube,$60.75
Thoughtbeat,$213.24
Ainyx,$12.67
Wordify,$50.94
Npath,$283.85
Skimia,$226.56
Pixope,$89.82
Skinix,$161.24
Oyondu,$89.98
Devshare,$186.84
Kaymbo,$299.53
Edgeify,$182.85
Rhycero,$30.02
Jabbersphere,$149.52
Ntag,$210.53
Podcat,$194.93
Dabfeed,$52.37
Tagcat,$242.92
Eayo,$228.44
Fivebridge,$142.89
Thoughtworks,$18.66
Jabbertype,$1.33
Shuffledrive,$53.94
Tagopia,$144.49
Thoughtmix,$241.18
Flipopia,$260.78
Zoomdog,$100.55
Voonder,$158.31
Divanoodle,$122.39
Kimia,$109.51
Babblestorm,$242.08
Oozz,$38.19
Meembee,$139.89
Wordware,$185.46
Dabtype,$109.18
Jayo,$113.93
Snaptags,$8.43
Gigabox,$92.70
Zoovu,$47.93
Dabjam,$166.70
Tagtune,$20.73
Livefish,$88.40
Twitterworks,$152.52
Eadel,$265.24
Eamia,$286.00
Twimbo,$80.51
Twinder,$40.54
Divape,$289.00
Rhynoodle,$116.10
Livetube,$274.82
Avavee,$264.05
Browsedrive,$68.72
Jayo,$208.10
Topiczoom,$290.58
Linklinks,$166.48
Abatz,$66.18
Buzzbean,$248.58
Lazzy,$101.95
Lazzy,$70.51
Dabshots,$74.16
Kimia,$92.99
Dabshots,$41.98
DabZ,$218.61
JumpXS,$102.88
Quatz,$32.29
Yodo,$291.07
Zoomzone,$41.49
Browsebug,$209.33
Edgetag,$257.37
Skajo,$201.76
Feedmix,$196.98
Avamm,$129.29
Gabspot,$89.10
Oyondu,$160.60
Youtags,$186.02
Kamba,$206.30
Zoomdog,$269.36
Roomm,$162.73
Babbleopia,$234.52
Trunyx,$226.74
Realbuzz,$153.77
Oba,$147.33
Oyonder,$50.50
Oyondu,$121.34
Thoughtbeat,$157.93
Photofeed,$5.32
Feedfire,$117.88
Roombo,$71.06
Voomm,$250.72
Realpoint,$249.49
Zoombox,$190.63
Meevee,$68.75
Jabbersphere,$73.49
Ozu,$265.41
Voonix,$52.40
Trupe,$34.63
Blogpad,$42.86
Topiczoom,$12.38
Oyondu,$262.26
Topicshots,$112.95
Edgeify,$36.05
Viva,$98.91
Buzzster,$84.15
Wordware,$222.77
Vimbo,$15.54
Vitz,$197.73
Vitz,$171.64
Riffwire,$11.56
Wikibox,$127.23
Kwideo,$163.65
Meeveo,$86.33
Innotype,$38.01
Fivebridge,$241.18
Brainverse,$44.88
Zoomcast,$100.12
Skipfire,$259.00
Zoombeat,$194.04
Twinte,$272.74
Brainsphere,$94.42
Vipe,$208.90
Tagcat,$260.21
Yacero,$13.61
Kare,$186.57
Izio,$178.50
Babbleopia,$169.35
Flashdog,$45.74
Twitterbridge,$137.15
Voolia,$51.25
Riffpath,$37.67
Trupe,$34.62
Voolith,$163.10
Devshare,$86.91
Gabcube,$43.26
DabZ,$120.61
Meembee,$290.98
Photolist,$110.84
Tagtune,$283.38
Meetz,$246.39
Demivee,$51.22
Riffwire,$186.89
Jaxspan,$202.45
Kare,$236.98
Bluezoom,$259.23
Vipe,$228.67
Linktype,$271.60
Yodel,$276.92
Plambee,$30.17
Jaxbean,$70.55
Feedfire,$231.50
Skyndu,$94.72
Zoomcast,$215.49
Skalith,$260.67
Flipbug,$220.60
Gabvine,$215.62
Twimm,$224.83
Skinte,$275.74
Voomm,$288.39
Abatz,$228.94
Flipstorm,$211.27
Babblestorm,$82.59
Devbug,$180.79
Ntags,$250.05
Blogtag,$245.10
Quimba,$154.31
Skinte,$174.50
Fiveclub,$55.67
Wikizz,$190.18
Fivechat,$8.61
Omba,$86.81
Wordtune,$299.32
Shuffledrive,$20.31
Voomm,$10.87
Yabox,$115.45
Babbleblab,$237.71
Devcast,$222.58
Photobug,$245.08
Zava,$185.89
Oyondu,$213.84
Jaxworks,$30.23
Skinte,$280.71
Camimbo,$13.40
Wikizz,$235.25
Youspan,$49.60
Buzzbean,$168.44
Realblab,$142.52
Kanoodle,$125.91
Oyope,$114.09
Tavu,$256.66
Zava,$275.98
Gigaclub,$109.17
Photofeed,$182.23
Innotype,$16.81
Jayo,$211.02
Yodo,$299.26
Quire,$12.54
Bubbletube,$60.41
Buzzster,$95.38
Devcast,$105.20
Linkbuzz,$221.65
Divavu,$235.47
Topicware,$192.01
Fatz,$102.99
Topiczoom,$56.90
Livetube,$205.62
Yacero,$68.81
Leexo,$160.05
Yata,$112.70
Mynte,$134.24
Janyx,$298.52
Mudo,$20.91
Einti,$221.11
Cogibox,$287.01
Zoozzy,$266.55
Tekfly,$191.14
Youbridge,$25.05
Kwilith,$267.79
Twimm,$216.44
Flashset,$106.54
Topicware,$59.12
Flipopia,$75.87
Realmix,$29.21
Twitterbeat,$289.80
Zoovu,$85.94
Bluezoom,$54.51
Plajo,$6.64
Quatz,$270.85
Oyoloo,$219.63
Thoughtstorm,$63.77
Topicshots,$118.21
Trunyx,$159.09
Latz,$209.53
Ooba,$226.08
Skyble,$128.75
Realblab,$210.56
Skiptube,$145.05
Kamba,$225.46
Trupe,$223.85
Photofeed,$61.23
Myworks,$252.57
Voonder,$176.18
Realmix,$36.36
Jabberstorm,$121.93
Lazz,$228.14
Yabox,$285.83
Feedspan,$220.58
Gabtype,$90.89
Zoonoodle,$141.38
Muxo,$299.80
Skimia,$96.20
Yoveo,$90.34
Browsebug,$227.54
Edgeify,$133.99
Blogpad,$82.32
Shuffledrive,$69.89
Meetz,$250.07
Pixoboo,$262.37
Fadeo,$53.21
Fliptune,$106.42
Myworks,$11.28
Skiptube,$120.42
Minyx,$193.88
Browsetype,$3.25
Yoveo,$118.54
Jabberbean,$208.84
Brainlounge,$111.15
Demimbu,$64.22
Youspan,$235.67
Dabvine,$86.58
Flipstorm,$224.95
Leexo,$151.33
Dablist,$111.53
Wikizz,$56.61
Kaymbo,$167.21
Skipstorm,$279.99
Voomm,$245.78
Wordtune,$164.31
Fiveclub,$223.27
Avamm,$137.04
Twitterwire,$72.80
Eayo,$214.71
Realcube,$214.51
Jabbertype,$176.77
Topicware,$12.92
Topiclounge,$25.41
Shuffledrive,$27.96
Abatz,$92.40
Topicware,$16.49
Viva,$237.86
Divavu,$46.09
Kanoodle,$97.61
Eazzy,$33.40
Thoughtblab,$211.74
Zoomzone,$99.96
Feednation,$50.99
Thoughtmix,$249.15
Jazzy,$251.06
Realblab,$3.34
Jabbercube,$31.30
Topiczoom,$235.78
Skimia,$243.49
Tazzy,$110.76
Geba,$285.57
Meevee,$105.59
Eare,$89.20
Myworks,$64.00
Brightdog,$174.90
Rhycero,$198.09
Yamia,$102.51
Browsecat,$183.19
Podcat,$1.67
Edgeify,$101.85
Trunyx,$253.46
Abatz,$168.15
Skajo,$20.88
Jabberbean,$298.29
Wikivu,$149.75
Tazz,$166.08
Quatz,$152.96
Nlounge,$169.00
Divanoodle,$37.25
Eamia,$13.09
Dabshots,$92.45
Voonix,$209.81
Topicblab,$107.02
Vipe,$12.35
Zoomcast,$109.95
Yodoo,$220.12
Ntags,$293.94
Digitube,$24.37
Layo,$78.04
Browsebug,$17.91
Eayo,$272.23
Viva,$78.90
Tagpad,$57.31
Aimbu,$222.60
Plajo,$280.81
Livefish,$132.85
Roodel,$291.31
Lazzy,$134.63
Tazzy,$10.59
Topiclounge,$142.74
Avamm,$287.94
Trilith,$99.19
Yata,$132.09
Realcube,$12.06
Skipfire,$36.99
Jabbertype,$193.26
Blognation,$273.83
Thoughtstorm,$169.06
Fliptune,$4.48
Skinix,$258.60
Minyx,$165.70
Rhynyx,$197.68
Chatterpoint,$239.10
Quamba,$246.74
Feedspan,$9.81
Rhyloo,$75.51
Thoughtstorm,$219.24
Yakidoo,$23.30
Divape,$128.47
Wordify,$133.01
Layo,$135.85
Oyoloo,$241.86
Devify,$205.90
Plajo,$293.36
Gigaclub,$258.08
Rhyzio,$97.73
Brainsphere,$216.01
Divanoodle,$49.46
Feednation,$232.22
Zoomlounge,$39.72
Shufflester,$20.51
Twitterbridge,$208.69
Zoovu,$147.33
Twitterbridge,$229.26
Eamia,$172.67
Linkbridge,$228.98
Flashpoint,$113.64
Feedspan,$273.40
Tanoodle,$45.86
Zoovu,$37.79
Youspan,$72.50
Zoomlounge,$84.57
Wordtune,$208.82
Rhyloo,$177.88
Meemm,$254.06
Rhynyx,$273.81
Twitternation,$2.74
Voolia,$132.17
Tanoodle,$275.53
Oyope,$75.24
Bluezoom,$53.51
Dablist,$139.90
Realmix,$147.07
Skyvu,$261.99
Zoonoodle,$49.81
Divanoodle,$134.92
Yacero,$12.56
Latz,$227.86
Gabtune,$207.03
Quatz,$180.06
Quatz,$113.43
Yombu,$140.03
Gigashots,$296.58
Latz,$159.32
Trudeo,$166.10
Browsedrive,$171.89
Jabbertype,$101.78
Tavu,$237.85
Rhynyx,$219.53
Kwideo,$263.72
Brainsphere,$244.50
Plambee,$139.66
Zoomdog,$243.73
Realblab,$173.41
Eamia,$256.77
Thoughtworks,$98.12
Oyope,$135.60
Divanoodle,$36.92
Yotz,$139.74
Devify,$279.25
Kamba,$110.80
Realpoint,$8.33
Brainlounge,$58.36
Ntag,$137.72
Jamia,$77.74
Oyoloo,$99.15
Ooba,$43.48
Dabshots,$294.66
Yotz,$293.66
Flipbug,$160.94
Centidel,$52.60
Skyba,$14.28
Youspan,$47.63
Voonte,$88.78
Avavee,$242.60
Livetube,$268.94
Browseblab,$208.37
Skiba,$92.69
Bluejam,$8.96
Camimbo,$282.50
Browsetype,$92.83
Jaxspan,$211.05
Zoomdog,$16.04
Quamba,$43.14
Eimbee,$12.44
Pixope,$101.56
Cogibox,$4.01
Fatz,$137.98
Podcat,$136.17
Yoveo,$289.46
Camimbo,$286.32
InnoZ,$284.99
Einti,$284.89
Tagtune,$90.00
Skajo,$192.92
Kazu,$43.45
Tambee,$217.83
Wikizz,$113.70
Tazzy,$228.28
Bluezoom,$235.52
Vinder,$133.11
Blogtags,$288.67
Devify,$53.39
Plambee,$299.34
Flipopia,$67.14
Topiclounge,$136.49
Tambee,$188.45
Izio,$54.73
Eayo,$266.66
Talane,$40.84
Devpulse,$3.97
Zoonoodle,$22.33
Linktype,$119.55
Mymm,$239.27
Oyondu,$206.59
Quimm,$236.39
Fiveclub,$187.36
Browsedrive,$23.92
Myworks,$283.03
Yambee,$208.47
Jazzy,$176.83
Shuffletag,$214.18
Tagopia,$258.24
Twitternation,$183.25
Dabshots,$286.67
Skalith,$104.10
Dabtype,$29.08
Gevee,$26.57
Demizz,$19.16
Browsetype,$125.80
Voonix,$238.82
Tekfly,$243.53
Digitube,$42.41
Edgeblab,$185.81
Ntags,$294.54
Quatz,$53.98
Trilith,$34.02
Browsebug,$181.40
Meevee,$189.83
Skalith,$17.78
Yodoo,$175.30
Wikizz,$108.32
Voonix,$42.01
Fiveclub,$285.36
Fliptune,$238.88
Skipfire,$298.40
Meezzy,$201.87
Skiptube,$271.61
Voonder,$154.88
Yozio,$184.46
Livetube,$33.41
Gabspot,$189.47
Oyoba,$150.64
Flipopia,$97.93
Photobean,$221.20
Brightdog,$177.07
Livefish,$7.96
Eare,$97.20
Tanoodle,$88.90
Realbridge,$182.75
Topicblab,$13.28
Bluezoom,$5.75
Eare,$116.11
Skipfire,$94.94
Shufflester,$283.55
Meemm,$223.69
Skimia,$167.08
Gabtype,$154.68
Tagtune,$134.03
Skilith,$237.40
Lazzy,$227.06
Buzzdog,$225.74
Wordpedia,$168.59
Kwimbee,$293.39
Eire,$225.17
Twimbo,$28.18
Kwideo,$11.59
Zoonoodle,$13.75
Edgepulse,$99.84
Eire,$209.75
Browsebug,$13.41
Oozz,$209.46
Browsetype,$270.06
Mynte,$158.08
Browseblab,$246.10
Dynabox,$163.30
Linklinks,$76.51
Skiba,$48.88
Flashset,$136.74
Aimbu,$106.18
Oyonder,$200.16
Babbleblab,$59.66
Thoughtbeat,$64.14
Demimbu,$65.88
DabZ,$171.39
Plajo,$85.45
Flipbug,$143.92
Skipstorm,$120.37
Zoomdog,$233.17
Dynazzy,$90.50
Aimbu,$89.28
Tazz,$34.51
Zooveo,$108.09
Twimbo,$242.74
Tanoodle,$245.35
Feedfish,$217.50
Leenti,$55.13
Twitterbridge,$50.33
Blogpad,$38.69
Miboo,$133.41
Latz,$287.12
InnoZ,$102.98
Zoonoodle,$250.09
Skidoo,$171.67
Photojam,$135.63
Plajo,$216.97
Tagchat,$197.04
Yakitri,$79.93
Vitz,$20.00
Devify,$142.53
Cogilith,$93.97
Minyx,$4.61
Meevee,$43.25
Viva,$102.53
Cogibox,$45.90
Gabcube,$183.49
Kanoodle,$84.23
Katz,$120.38
Jatri,$122.23
Mynte,$266.83
Blogspan,$25.57
Ooba,$109.28
Feedfire,$25.35
Talane,$74.92
Dabjam,$136.49
Quatz,$292.66
Voolith,$276.37
Realcube,$143.41
Twinte,$65.06
Plambee,$221.17
Thoughtblab,$189.43
Katz,$101.65
Jabberstorm,$191.00
Jabberbean,$156.89
Jetpulse,$25.92
Mycat,$81.08
JumpXS,$68.17
Vinte,$132.29
Voonte,$14.54
Riffwire,$162.71
Zava,$59.58
Chatterpoint,$293.23
Browsebug,$119.23
Vinte,$202.95
Rhycero,$117.81
Wikido,$232.72
Bubbletube,$245.85
Jabberbean,$132.10
Avamm,$44.40
Wordtune,$60.13
Innojam,$139.75
Zoomdog,$179.50
Topdrive,$66.22
Dabfeed,$188.46
Feedspan,$292.27
Oyonder,$19.02
Youbridge,$64.73
Oyondu,$24.78
Snaptags,$36.80
Jetpulse,$80.79
Realpoint,$191.60
Yodel,$19.09
Oyoloo,$85.61
Gigazoom,$46.74
Eabox,$248.50
Meetz,$127.69
Yoveo,$286.29
Voonix,$3.52
Demimbu,$28.25
BlogXS,$73.15
Gabtype,$258.37
Wikido,$114.81
Mycat,$38.23
DabZ,$207.55
Photojam,$53.36
Kimia,$106.93
Yodo,$63.29
Voomm,$94.44
JumpXS,$36.51
Realpoint,$145.35
Omba,$292.21
Edgepulse,$184.41
Meetz,$14.57
Youopia,$128.88
Brightdog,$45.68
Voonte,$38.28
Zoomzone,$167.17
Thoughtblab,$199.41
InnoZ,$46.47
Browsedrive,$102.56
Yakitri,$151.76
Eayo,$299.77
Rhycero,$138.92
Gigashots,$138.37
Fivespan,$289.25
Twinder,$67.86
Skipstorm,$88.76
Feedfire,$78.43
Photolist,$181.52
Zoomlounge,$259.60
Edgepulse,$278.92
Dabfeed,$76.17
Dabvine,$158.75
Skipfire,$99.44
Mycat,$163.98
Gigashots,$235.07
Midel,$175.96
Quire,$111.15
LiveZ,$130.96
Npath,$147.76
Reallinks,$34.36
Mydeo,$184.39
Pixonyx,$20.67
Flashspan,$166.89
Thoughtmix,$255.57
Feedfish,$168.72
Youspan,$73.75
JumpXS,$256.50
Trudoo,$61.81
Browsedrive,$146.82
Flashspan,$75.86
Yoveo,$50.87
Voolith,$113.33
Kwinu,$135.16
Oyoloo,$279.60
Centidel,$128.37
Youbridge,$175.27
Quinu,$244.24
Twinder,$71.73
Twitterlist,$18.06
Tagopia,$47.36
Demimbu,$131.91
Livepath,$75.31
Photobug,$100.94
Eayo,$43.73
Gabspot,$251.00
Realcube,$118.95
Oozz,$127.66
Brainverse,$296.99
Edgewire,$189.91
Snaptags,$89.45
Trilith,$197.49
Thoughtstorm,$276.43
Fivebridge,$22.22
Meeveo,$119.05
Skiba,$246.71
Teklist,$273.87
Thoughtworks,$167.27
Meejo,$83.85
Flashdog,$288.99
Layo,$141.15
Myworks,$114.22
Voonder,$115.40
Twinder,$292.78
Quatz,$53.25
Gigaclub,$75.84
Quamba,$110.35
Edgeclub,$46.17
Gabtype,$133.66
Browsetype,$127.55
Trilia,$122.60
Feednation,$70.77
Bubblebox,$217.03
Thoughtstorm,$72.47
Eidel,$115.16
Jaloo,$222.91
Thoughtmix,$141.26
Youopia,$205.82
Youbridge,$271.76
Trudoo,$284.82
Realblab,$297.71
Thoughtbridge,$141.23
Fanoodle,$74.31
Rhyloo,$220.68
Talane,$226.65
Aimbu,$165.17
Shufflester,$65.80
Zooxo,$118.62
Avavee,$175.06
Realcube,$133.82
Tagopia,$79.01
Photobug,$208.77
Yodel,$295.82
Mybuzz,$202.63
Mymm,$205.02
Wikido,$9.86
Rhynoodle,$15.06
Rhycero,$198.47
Riffpedia,$201.97
Gigashots,$148.13
Eayo,$203.85
Rhyloo,$105.80
Blogtags,$131.91
Zoombox,$83.56
Zoomcast,$299.49
Meeveo,$33.49
Gabcube,$252.60
Kanoodle,$143.15
Brightbean,$212.09
Dazzlesphere,$164.89
Ntag,$5.16
Fanoodle,$299.39
Kanoodle,$55.00
